{"cameraMode":{"drawMode":0,"name":"Shaded","section":"Shading Mode"},"sceneLighting":true,"audioPlay":false,"sceneViewState":{"showFog":true,"showMaterialUpdate":false,"showSkybox":true,"showFlares":true,"showImageEffects":true,"showParticleSystems":true},"in2DMode":false,"pivot":{"x":0.476554811000824,"y":2.238872528076172,"z":-8.51608943939209},"rotation":{"x":0.021893830969929696,"y":-0.014995928853750229,"z":0.0003283956611994654,"w":0.9996480941772461},"size":2.9508135318756105,"orthographic":true}