{"cameraMode":{"drawMode":0,"name":"Shaded","section":"Shading Mode"},"sceneLighting":true,"audioPlay":false,"sceneViewState":{"showFog":true,"showMaterialUpdate":false,"showSkybox":true,"showFlares":true,"showImageEffects":true,"showParticleSystems":true},"in2DMode":false,"pivot":{"x":-0.18992429971694947,"y":0.9482421875,"z":-2.084531307220459},"rotation":{"x":0.25164538621902468,"y":0.011613775044679642,"z":-0.003019752912223339,"w":0.9677467346191406},"size":5.410989761352539,"orthographic":true}