{"cameraMode":{"drawMode":0,"name":"Shaded","section":"Shading Mode"},"sceneLighting":true,"audioPlay":false,"sceneViewState":{"showFog":true,"showMaterialUpdate":false,"showSkybox":true,"showFlares":true,"showImageEffects":true,"showParticleSystems":true},"in2DMode":false,"pivot":{"x":-0.29017603397369387,"y":3.3200173377990724,"z":-7.875277519226074},"rotation":{"x":-0.3601054251194,"y":0.35439324378967287,"z":-0.15017327666282655,"w":-0.8498106002807617},"size":9.75599193572998,"orthographic":false}